<?xml version="1.0" encoding="UTF-8"?>
<project-private xmlns="http://www.netbeans.org/ns/project-private/1">
    <editor-bookmarks xmlns="http://www.netbeans.org/ns/editor-bookmarks/2" lastBookmarkId="0"/>
    <open-files xmlns="http://www.netbeans.org/ns/projectui-open-files/2">
        <group>
            <file>file:/C:/Users/Gustavo/Documents/NetBeansProjects/POO%20SENAC/test/Aula_07_coleções/TestNewBank1.java</file>
            <file>file:/C:/Users/Gustavo/Documents/NetBeansProjects/POO%20SENAC/src/ADO_Arquivo/TestaADO.java</file>
            <file>file:/C:/Users/Gustavo/Documents/NetBeansProjects/POO%20SENAC/src/Aula_07_Dependência_Coleções/Bank.java</file>
            <file>file:/C:/Users/Gustavo/Documents/NetBeansProjects/POO%20SENAC/src/Aula_07_Dependência_Coleções/Bank1.java</file>
            <file>file:/C:/Users/Gustavo/Documents/NetBeansProjects/POO%20SENAC/test/Aula_07_coleções/BankTest.java</file>
            <file>file:/C:/Users/Gustavo/Documents/NetBeansProjects/POO%20SENAC/src/Aula_07_Dependência_Coleções/testarBinario.java</file>
        </group>
    </open-files>
</project-private>
